{"cameraMode":{"drawMode":0,"name":"Shaded","section":"Shading Mode"},"sceneLighting":true,"audioPlay":false,"sceneViewState":{"showFog":true,"showMaterialUpdate":false,"showSkybox":true,"showFlares":true,"showImageEffects":true,"showParticleSystems":true},"in2DMode":false,"pivot":{"x":-2.4348320960998537,"y":0.07671192288398743,"z":-5.918583393096924},"rotation":{"x":0.3937889337539673,"y":-0.21654576063156129,"z":0.09599652886390686,"w":0.8882092237472534},"size":22.827913284301759,"orthographic":false}