{"cameraMode":{"drawMode":0,"name":"Shaded","section":"Shading Mode"},"sceneLighting":true,"audioPlay":false,"sceneViewState":{"showFog":true,"showMaterialUpdate":false,"showSkybox":true,"showFlares":true,"showImageEffects":true,"showParticleSystems":true},"in2DMode":false,"pivot":{"x":-2.4348320960998537,"y":0.07671192288398743,"z":-5.918583393096924},"rotation":{"x":0.172648087143898,"y":0.8154001235961914,"z":-0.3058040142059326,"w":0.4603099226951599},"size":9.362998008728028,"orthographic":false}