{"cameraMode":{"drawMode":0,"name":"Shaded","section":"Shading Mode"},"sceneLighting":true,"audioPlay":false,"sceneViewState":{"showFog":true,"showMaterialUpdate":false,"showSkybox":false,"showFlares":true,"showImageEffects":true,"showParticleSystems":true},"in2DMode":false,"pivot":{"x":1.1004791259765626,"y":1.9726219177246094,"z":6.163482666015625},"rotation":{"x":0.27541568875312807,"y":-0.17328889667987824,"z":0.0505458302795887,"w":0.9442272782325745},"size":50.449039459228519,"orthographic":false}