{"cameraMode":{"drawMode":0,"name":"Shaded","section":"Shading Mode"},"sceneLighting":true,"audioPlay":false,"sceneViewState":{"showFog":true,"showMaterialUpdate":false,"showSkybox":true,"showFlares":true,"showImageEffects":true,"showParticleSystems":true},"in2DMode":false,"pivot":{"x":-26.05733871459961,"y":-0.1458415985107422,"z":-10.95495891571045},"rotation":{"x":0.08169633150100708,"y":0.9180755019187927,"z":-0.2858160734176636,"w":0.2624357342720032},"size":15.698515892028809,"orthographic":false}